Layer ID,Batch Number,Token,Activated Expert IDs
1,0,<｜begin▁of▁sentence｜>,"[8, 26, 56, 57, 60, 43]"
1,0,You,"[8, 22, 46, 55, 56, 62]"
1,0,Ġare,"[0, 8, 27, 38, 56, 26]"
1,0,Ġgiven,"[8, 23, 37, 42, 56, 63]"
1,0,Ġtwo,"[0, 8, 9, 29, 49, 62]"
1,0,Ġsorted,"[17, 18, 24, 32, 54, 39]"
1,0,Ġlists,"[2, 17, 24, 34, 61, 8]"
1,0,Ġof,"[6, 8, 24, 35, 52, 49]"
1,0,Ġsize,"[17, 19, 32, 39, 59, 24]"
1,0,Ġm,"[15, 26, 38, 44, 45, 6]"
1,0,Ġand,"[8, 11, 24, 43, 51, 56]"
1,0,Ġn,"[15, 26, 38, 44, 45, 9]"
1,0,.,"[4, 8, 16, 43, 51, 30]"
1,0,ĠImplement,"[10, 17, 24, 32, 54, 41]"
1,0,Ġa,"[6, 8, 21, 26, 49, 50]"
1,0,Ġfunction,"[2, 24, 32, 47, 62, 36]"
1,0,Ġto,"[8, 11, 24, 35, 53, 49]"
1,0,Ġfind,"[17, 23, 24, 32, 48, 28]"
1,0,Ġthe,"[6, 8, 12, 21, 53, 35]"
1,0,Ġk,"[6, 15, 26, 44, 45, 47]"
1,0,th,"[6, 9, 17, 33, 35, 22]"
1,0,Ġsmallest,"[0, 6, 9, 17, 24, 32]"
1,0,Ġelement,"[2, 17, 29, 32, 39, 36]"
1,0,Ġin,"[8, 11, 24, 35, 53, 49]"
1,0,Ġthe,"[8, 12, 21, 28, 59, 11]"
1,0,Ġunion,"[3, 9, 17, 24, 32, 47]"
1,0,Ġof,"[6, 24, 35, 50, 52, 38]"
1,0,Ġthe,"[8, 21, 34, 35, 59, 48]"
1,0,Ġtwo,"[3, 9, 34, 47, 62, 6]"
1,0,Ġlists,"[2, 17, 24, 32, 61, 15]"
1,0,Ġwith,"[24, 42, 49, 52, 56, 43]"
1,0,Ġlinear,"[6, 14, 17, 32, 33, 1]"
1,0,Ġcomplexity,"[6, 17, 32, 33, 59, 3]"
1,0,.,"[4, 11, 43, 51, 57, 30]"
2,0,<｜begin▁of▁sentence｜>,"[3, 35, 38, 62, 63, 60]"
2,0,You,"[7, 20, 35, 42, 63, 60]"
2,0,Ġare,"[7, 14, 38, 51, 61, 48]"
2,0,Ġgiven,"[12, 14, 30, 51, 56, 18]"
2,0,Ġtwo,"[3, 17, 30, 52, 58, 55]"
2,0,Ġsorted,"[17, 29, 38, 43, 45, 1]"
2,0,Ġlists,"[26, 30, 36, 40, 45, 43]"
2,0,Ġof,"[15, 22, 23, 30, 48, 13]"
2,0,Ġsize,"[1, 26, 31, 45, 53, 30]"
2,0,Ġm,"[6, 35, 40, 55, 58, 60]"
2,0,Ġand,"[0, 29, 34, 46, 47, 48]"
2,0,Ġn,"[1, 21, 35, 44, 60, 10]"
2,0,.,"[0, 8, 34, 46, 47, 40]"
2,0,ĠImplement,"[39, 42, 57, 59, 61, 30]"
2,0,Ġa,"[3, 6, 17, 52, 55, 12]"
2,0,Ġfunction,"[12, 18, 30, 43, 45, 36]"
2,0,Ġto,"[9, 15, 24, 34, 57, 22]"
2,0,Ġfind,"[9, 16, 39, 40, 53, 32]"
2,0,Ġthe,"[3, 4, 22, 52, 55, 50]"
2,0,Ġk,"[17, 35, 45, 58, 60, 13]"
2,0,th,"[10, 21, 29, 38, 60, 17]"
2,0,Ġsmallest,"[25, 40, 43, 45, 55, 26]"
2,0,Ġelement,"[20, 26, 30, 43, 45, 49]"
2,0,Ġin,"[9, 11, 13, 15, 34, 55]"
2,0,Ġthe,"[0, 22, 37, 52, 55, 2]"
2,0,Ġunion,"[26, 37, 39, 45, 60, 57]"
2,0,Ġof,"[15, 22, 24, 30, 48, 49]"
2,0,Ġthe,"[1, 22, 31, 33, 52, 41]"
2,0,Ġtwo,"[17, 20, 31, 45, 58, 1]"
2,0,Ġlists,"[29, 30, 38, 43, 45, 17]"
2,0,Ġwith,"[9, 11, 15, 34, 48, 16]"
2,0,Ġlinear,"[3, 17, 18, 52, 53, 26]"
2,0,Ġcomplexity,"[2, 26, 40, 43, 55, 12]"
2,0,.,"[0, 8, 23, 40, 46, 62]"
3,0,<｜begin▁of▁sentence｜>,"[4, 9, 11, 25, 54, 12]"
3,0,You,"[0, 7, 14, 48, 58, 29]"
3,0,Ġare,"[6, 19, 30, 42, 46, 10]"
3,0,Ġgiven,"[37, 39, 52, 59, 61, 30]"
3,0,Ġtwo,"[6, 12, 27, 33, 62, 42]"
3,0,Ġsorted,"[10, 33, 40, 42, 61, 39]"
3,0,Ġlists,"[20, 29, 32, 36, 43, 37]"
3,0,Ġof,"[12, 26, 37, 54, 56, 6]"
3,0,Ġsize,"[20, 26, 43, 56, 59, 19]"
3,0,Ġm,"[3, 27, 36, 49, 62, 17]"
3,0,Ġand,"[1, 16, 46, 51, 55, 10]"
3,0,Ġn,"[3, 27, 49, 51, 62, 10]"
3,0,.,"[1, 22, 45, 55, 60, 9]"
3,0,ĠImplement,"[0, 37, 54, 58, 61, 29]"
3,0,Ġa,"[6, 12, 33, 37, 58, 54]"
3,0,Ġfunction,"[20, 29, 36, 37, 54, 59]"
3,0,Ġto,"[47, 52, 54, 56, 59, 19]"
3,0,Ġfind,"[37, 52, 56, 61, 63, 4]"
3,0,Ġthe,"[4, 12, 33, 52, 54, 37]"
3,0,Ġk,"[3, 17, 27, 49, 62, 51]"
3,0,th,"[3, 10, 26, 33, 49, 27]"
3,0,Ġsmallest,"[10, 26, 33, 34, 53, 35]"
3,0,Ġelement,"[20, 33, 34, 35, 36, 29]"
3,0,Ġin,"[25, 26, 28, 47, 59, 50]"
3,0,Ġthe,"[11, 28, 31, 47, 54, 41]"
3,0,Ġunion,"[29, 32, 43, 51, 61, 50]"
3,0,Ġof,"[25, 26, 47, 54, 56, 12]"
3,0,Ġthe,"[12, 23, 41, 54, 56, 25]"
3,0,Ġtwo,"[27, 33, 38, 51, 56, 6]"
3,0,Ġlists,"[20, 29, 32, 36, 43, 42]"
3,0,Ġwith,"[6, 16, 19, 47, 59, 51]"
3,0,Ġlinear,"[3, 21, 24, 53, 54, 33]"
3,0,Ġcomplexity,"[20, 35, 43, 57, 59, 53]"
3,0,.,"[5, 22, 45, 55, 60, 10]"
4,0,<｜begin▁of▁sentence｜>,"[11, 21, 31, 33, 49, 14]"
4,0,You,"[29, 34, 38, 46, 59, 60]"
4,0,Ġare,"[8, 9, 25, 29, 38, 34]"
4,0,Ġgiven,"[9, 25, 29, 41, 50, 53]"
4,0,Ġtwo,"[4, 10, 29, 41, 47, 54]"
4,0,Ġsorted,"[24, 35, 47, 48, 54, 50]"
4,0,Ġlists,"[0, 24, 28, 48, 55, 1]"
4,0,Ġof,"[17, 47, 48, 54, 57, 9]"
4,0,Ġsize,"[7, 35, 48, 55, 58, 17]"
4,0,Ġm,"[2, 10, 35, 40, 48, 46]"
4,0,Ġand,"[16, 22, 39, 52, 57, 63]"
4,0,Ġn,"[10, 35, 40, 46, 48, 15]"
4,0,.,"[22, 29, 39, 52, 63, 3]"
4,0,ĠImplement,"[9, 20, 25, 38, 50, 29]"
4,0,Ġa,"[9, 20, 21, 47, 61, 50]"
4,0,Ġfunction,"[6, 24, 28, 48, 55, 62]"
4,0,Ġto,"[17, 23, 29, 41, 57, 9]"
4,0,Ġfind,"[9, 23, 41, 48, 50, 61]"
4,0,Ġthe,"[9, 23, 27, 47, 61, 21]"
4,0,Ġk,"[2, 10, 35, 40, 48, 47]"
4,0,th,"[10, 14, 47, 48, 54, 4]"
4,0,Ġsmallest,"[1, 35, 47, 48, 54, 27]"
4,0,Ġelement,"[7, 24, 36, 48, 55, 15]"
4,0,Ġin,"[17, 20, 48, 57, 58, 1]"
4,0,Ġthe,"[11, 17, 20, 21, 58, 49]"
4,0,Ġunion,"[0, 31, 48, 54, 55, 35]"
4,0,Ġof,"[17, 20, 48, 57, 58, 23]"
4,0,Ġthe,"[17, 27, 47, 51, 58, 4]"
4,0,Ġtwo,"[4, 10, 11, 47, 54, 48]"
4,0,Ġlists,"[0, 24, 28, 48, 55, 32]"
4,0,Ġwith,"[16, 17, 20, 48, 57, 23]"
4,0,Ġlinear,"[24, 47, 48, 54, 56, 2]"
4,0,Ġcomplexity,"[7, 48, 54, 55, 56, 12]"
4,0,.,"[3, 18, 22, 39, 52, 29]"
5,0,<｜begin▁of▁sentence｜>,"[19, 20, 47, 49, 52, 54]"
5,0,You,"[15, 18, 35, 38, 41, 50]"
5,0,Ġare,"[35, 38, 45, 49, 50, 51]"
5,0,Ġgiven,"[36, 38, 45, 49, 51, 3]"
5,0,Ġtwo,"[36, 45, 49, 51, 59, 40]"
5,0,Ġsorted,"[7, 11, 28, 29, 40, 4]"
5,0,Ġlists,"[2, 4, 30, 34, 46, 49]"
5,0,Ġof,"[14, 32, 40, 59, 60, 36]"
5,0,Ġsize,"[4, 26, 29, 59, 60, 14]"
5,0,Ġm,"[25, 29, 42, 59, 63, 40]"
5,0,Ġand,"[14, 17, 24, 55, 56, 43]"
5,0,Ġn,"[25, 29, 42, 59, 63, 28]"
5,0,.,"[12, 14, 27, 43, 56, 53]"
5,0,ĠImplement,"[3, 7, 22, 36, 49, 19]"
5,0,Ġa,"[3, 22, 23, 49, 51, 36]"
5,0,Ġfunction,"[6, 19, 30, 34, 49, 46]"
5,0,Ġto,"[23, 36, 51, 58, 60, 49]"
5,0,Ġfind,"[3, 22, 23, 49, 60, 51]"
5,0,Ġthe,"[3, 8, 22, 48, 51, 54]"
5,0,Ġk,"[25, 28, 29, 44, 59, 42]"
5,0,th,"[14, 29, 40, 55, 59, 26]"
5,0,Ġsmallest,"[8, 11, 14, 28, 40, 4]"
5,0,Ġelement,"[4, 8, 28, 34, 59, 40]"
5,0,Ġin,"[14, 23, 40, 58, 60, 56]"
5,0,Ġthe,"[8, 20, 48, 58, 60, 54]"
5,0,Ġunion,"[11, 14, 28, 29, 44, 7]"
5,0,Ġof,"[0, 14, 23, 29, 60, 48]"
5,0,Ġthe,"[32, 48, 52, 54, 60, 14]"
5,0,Ġtwo,"[14, 29, 40, 48, 59, 26]"
5,0,Ġlists,"[28, 30, 34, 40, 61, 26]"
5,0,Ġwith,"[0, 14, 23, 58, 60, 24]"
5,0,Ġlinear,"[7, 11, 29, 44, 59, 34]"
5,0,Ġcomplexity,"[2, 4, 7, 37, 46, 19]"
5,0,.,"[12, 14, 27, 43, 56, 53]"
6,0,<｜begin▁of▁sentence｜>,"[13, 21, 22, 42, 47, 32]"
6,0,You,"[1, 37, 39, 46, 56, 26]"
6,0,Ġare,"[15, 19, 46, 52, 58, 22]"
6,0,Ġgiven,"[5, 7, 19, 24, 44, 52]"
6,0,Ġtwo,"[8, 15, 28, 36, 58, 19]"
6,0,Ġsorted,"[9, 17, 25, 31, 57, 28]"
6,0,Ġlists,"[4, 17, 28, 29, 63, 25]"
6,0,Ġof,"[8, 28, 36, 49, 58, 17]"
6,0,Ġsize,"[2, 8, 25, 40, 63, 28]"
6,0,Ġm,"[6, 25, 28, 41, 63, 59]"
6,0,Ġand,"[12, 18, 28, 34, 54, 16]"
6,0,Ġn,"[25, 27, 41, 59, 63, 42]"
6,0,.,"[12, 16, 28, 50, 54, 18]"
6,0,ĠImplement,"[2, 4, 7, 19, 44, 29]"
6,0,Ġa,"[7, 8, 36, 42, 44, 4]"
6,0,Ġfunction,"[2, 4, 9, 29, 33, 47]"
6,0,Ġto,"[7, 10, 44, 52, 58, 4]"
6,0,Ġfind,"[4, 7, 9, 10, 44, 17]"
6,0,Ġthe,"[7, 13, 36, 44, 58, 4]"
6,0,Ġk,"[4, 25, 27, 36, 41, 42]"
6,0,th,"[8, 25, 28, 32, 36, 27]"
6,0,Ġsmallest,"[8, 9, 25, 28, 36, 27]"
6,0,Ġelement,"[15, 17, 25, 27, 28, 47]"
6,0,Ġin,"[25, 28, 33, 47, 49, 22]"
6,0,Ġthe,"[1, 22, 36, 47, 49, 58]"
6,0,Ġunion,"[4, 9, 25, 27, 55, 41]"
6,0,Ġof,"[25, 36, 49, 55, 58, 4]"
6,0,Ġthe,"[22, 36, 42, 49, 58, 1]"
6,0,Ġtwo,"[4, 17, 25, 28, 36, 8]"
6,0,Ġlists,"[4, 17, 28, 29, 63, 33]"
6,0,Ġwith,"[28, 33, 34, 40, 49, 18]"
6,0,Ġlinear,"[8, 17, 25, 27, 57, 2]"
6,0,Ġcomplexity,"[2, 17, 25, 29, 57, 31]"
6,0,.,"[11, 12, 16, 18, 50, 56]"
7,0,<｜begin▁of▁sentence｜>,"[28, 43, 44, 58, 62, 18]"
7,0,You,"[11, 33, 41, 46, 50, 16]"
7,0,Ġare,"[20, 30, 33, 41, 50, 3]"
7,0,Ġgiven,"[4, 10, 33, 48, 50, 51]"
7,0,Ġtwo,"[10, 13, 14, 33, 61, 20]"
7,0,Ġsorted,"[15, 28, 29, 57, 59, 44]"
7,0,Ġlists,"[7, 13, 27, 28, 49, 39]"
7,0,Ġof,"[9, 13, 14, 28, 44, 10]"
7,0,Ġsize,"[2, 13, 28, 35, 61, 49]"
7,0,Ġm,"[13, 14, 28, 58, 61, 22]"
7,0,Ġand,"[32, 34, 40, 55, 60, 21]"
7,0,Ġn,"[13, 28, 39, 58, 61, 5]"
7,0,.,"[8, 21, 38, 42, 60, 26]"
7,0,ĠImplement,"[4, 9, 10, 47, 54, 33]"
7,0,Ġa,"[9, 14, 33, 45, 48, 10]"
7,0,Ġfunction,"[7, 9, 28, 47, 49, 4]"
7,0,Ġto,"[4, 10, 33, 48, 54, 52]"
7,0,Ġfind,"[4, 10, 28, 48, 54, 15]"
7,0,Ġthe,"[4, 10, 33, 48, 54, 44]"
7,0,Ġk,"[11, 13, 14, 28, 61, 35]"
7,0,th,"[13, 14, 24, 28, 61, 29]"
7,0,Ġsmallest,"[11, 27, 28, 29, 61, 24]"
7,0,Ġelement,"[7, 13, 28, 35, 49, 27]"
7,0,Ġin,"[24, 28, 52, 54, 61, 14]"
7,0,Ġthe,"[2, 24, 52, 58, 62, 18]"
7,0,Ġunion,"[0, 11, 13, 15, 28, 2]"
7,0,Ġof,"[15, 28, 52, 54, 58, 0]"
7,0,Ġthe,"[14, 52, 54, 56, 58, 2]"
7,0,Ġtwo,"[5, 13, 14, 28, 61, 15]"
7,0,Ġlists,"[7, 13, 27, 28, 49, 35]"
7,0,Ġwith,"[4, 32, 36, 52, 54, 14]"
7,0,Ġlinear,"[2, 11, 28, 29, 57, 47]"
7,0,Ġcomplexity,"[11, 28, 29, 57, 63, 27]"
7,0,.,"[8, 21, 26, 38, 42, 41]"
8,0,<｜begin▁of▁sentence｜>,"[2, 11, 30, 39, 54, 47]"
8,0,You,"[8, 13, 33, 40, 63, 11]"
8,0,Ġare,"[0, 17, 33, 40, 62, 46]"
8,0,Ġgiven,"[17, 29, 33, 46, 62, 2]"
8,0,Ġtwo,"[1, 17, 22, 33, 36, 44]"
8,0,Ġsorted,"[1, 11, 14, 38, 53, 22]"
8,0,Ġlists,"[1, 11, 22, 38, 47, 14]"
8,0,Ġof,"[1, 14, 22, 34, 36, 33]"
8,0,Ġsize,"[1, 7, 28, 44, 50, 16]"
8,0,Ġm,"[1, 7, 11, 13, 52, 44]"
8,0,Ġand,"[12, 16, 22, 36, 42, 47]"
8,0,Ġn,"[1, 13, 47, 48, 52, 11]"
8,0,.,"[3, 6, 10, 33, 45, 20]"
8,0,ĠImplement,"[2, 17, 29, 33, 40, 11]"
8,0,Ġa,"[2, 14, 17, 33, 40, 18]"
8,0,Ġfunction,"[2, 11, 14, 15, 17, 1]"
8,0,Ġto,"[17, 21, 33, 34, 40, 27]"
8,0,Ġfind,"[2, 5, 17, 21, 29, 40]"
8,0,Ġthe,"[0, 17, 21, 31, 40, 54]"
8,0,Ġk,"[1, 7, 11, 13, 52, 31]"
8,0,th,"[1, 7, 11, 13, 52, 44]"
8,0,Ġsmallest,"[1, 11, 13, 52, 53, 36]"
8,0,Ġelement,"[1, 9, 11, 14, 61, 38]"
8,0,Ġin,"[1, 11, 17, 34, 38, 36]"
8,0,Ġthe,"[16, 31, 34, 35, 36, 28]"
8,0,Ġunion,"[1, 11, 13, 22, 53, 57]"
8,0,Ġof,"[1, 22, 31, 34, 37, 50]"
8,0,Ġthe,"[16, 22, 31, 34, 35, 36]"
8,0,Ġtwo,"[1, 22, 28, 31, 44, 16]"
8,0,Ġlists,"[1, 9, 11, 22, 38, 61]"
8,0,Ġwith,"[1, 17, 27, 34, 42, 21]"
8,0,Ġlinear,"[1, 7, 14, 38, 53, 11]"
8,0,Ġcomplexity,"[5, 7, 9, 53, 57, 38]"
8,0,.,"[3, 6, 10, 20, 45, 55]"
9,0,<｜begin▁of▁sentence｜>,"[12, 13, 22, 27, 31, 44]"
9,0,You,"[12, 22, 44, 45, 53, 26]"
9,0,Ġare,"[12, 24, 39, 45, 53, 18]"
9,0,Ġgiven,"[23, 39, 42, 45, 46, 40]"
9,0,Ġtwo,"[28, 34, 37, 47, 56, 23]"
9,0,Ġsorted,"[11, 27, 28, 37, 49, 34]"
9,0,Ġlists,"[11, 23, 26, 51, 60, 34]"
9,0,Ġof,"[21, 28, 37, 47, 61, 54]"
9,0,Ġsize,"[11, 28, 51, 56, 61, 26]"
9,0,Ġm,"[0, 10, 11, 34, 56, 28]"
9,0,Ġand,"[8, 33, 56, 58, 59, 19]"
9,0,Ġn,"[10, 11, 28, 34, 56, 26]"
9,0,.,"[1, 35, 41, 48, 58, 52]"
9,0,ĠImplement,"[21, 23, 36, 40, 42, 45]"
9,0,Ġa,"[21, 28, 40, 47, 62, 54]"
9,0,Ġfunction,"[23, 26, 31, 39, 60, 53]"
9,0,Ġto,"[21, 39, 40, 42, 54, 46]"
9,0,Ġfind,"[21, 26, 40, 42, 54, 12]"
9,0,Ġthe,"[39, 40, 42, 47, 54, 25]"
9,0,Ġk,"[11, 26, 28, 34, 56, 10]"
9,0,th,"[11, 26, 28, 34, 56, 37]"
9,0,Ġsmallest,"[11, 26, 28, 34, 37, 49]"
9,0,Ġelement,"[11, 26, 28, 34, 51, 31]"
9,0,Ġin,"[21, 28, 34, 54, 61, 26]"
9,0,Ġthe,"[25, 44, 47, 54, 61, 57]"
9,0,Ġunion,"[6, 9, 11, 26, 63, 36]"
9,0,Ġof,"[2, 21, 33, 54, 61, 47]"
9,0,Ġthe,"[2, 21, 47, 54, 61, 37]"
9,0,Ġtwo,"[6, 34, 37, 47, 62, 26]"
9,0,Ġlists,"[11, 26, 34, 51, 60, 31]"
9,0,Ġwith,"[2, 21, 47, 54, 61, 45]"
9,0,Ġlinear,"[28, 34, 37, 49, 56, 11]"
9,0,Ġcomplexity,"[9, 11, 34, 49, 56, 28]"
9,0,.,"[1, 35, 41, 48, 58, 45]"
10,0,<｜begin▁of▁sentence｜>,"[2, 9, 13, 42, 47, 31]"
10,0,You,"[13, 41, 44, 47, 61, 50]"
10,0,Ġare,"[13, 27, 47, 59, 62, 54]"
10,0,Ġgiven,"[13, 19, 28, 56, 59, 33]"
10,0,Ġtwo,"[31, 38, 57, 61, 63, 33]"
10,0,Ġsorted,"[8, 10, 22, 32, 35, 13]"
10,0,Ġlists,"[22, 34, 35, 45, 58, 10]"
10,0,Ġof,"[26, 28, 38, 56, 63, 33]"
10,0,Ġsize,"[21, 33, 34, 50, 63, 22]"
10,0,Ġm,"[21, 45, 46, 57, 61, 25]"
10,0,Ġand,"[9, 12, 21, 47, 51, 33]"
10,0,Ġn,"[21, 25, 45, 57, 61, 58]"
10,0,.,"[11, 29, 30, 44, 60, 53]"
10,0,ĠImplement,"[10, 33, 40, 52, 56, 4]"
10,0,Ġa,"[31, 33, 38, 56, 61, 4]"
10,0,Ġfunction,"[10, 33, 34, 35, 49, 47]"
10,0,Ġto,"[4, 26, 33, 37, 48, 63]"
10,0,Ġfind,"[4, 33, 52, 56, 63, 2]"
10,0,Ġthe,"[1, 4, 37, 38, 63, 48]"
10,0,Ġk,"[21, 25, 31, 57, 61, 33]"
10,0,th,"[21, 31, 33, 38, 57, 63]"
10,0,Ġsmallest,"[16, 31, 32, 33, 45, 4]"
10,0,Ġelement,"[16, 34, 35, 47, 58, 10]"
10,0,Ġin,"[4, 13, 26, 52, 63, 33]"
10,0,Ġthe,"[4, 26, 38, 52, 63, 61]"
10,0,Ġunion,"[8, 9, 16, 45, 63, 33]"
10,0,Ġof,"[8, 26, 39, 52, 63, 50]"
10,0,Ġthe,"[2, 26, 38, 52, 63, 39]"
10,0,Ġtwo,"[31, 38, 57, 61, 63, 14]"
10,0,Ġlists,"[10, 22, 34, 35, 58, 16]"
10,0,Ġwith,"[4, 26, 33, 52, 63, 30]"
10,0,Ġlinear,"[21, 32, 33, 38, 63, 43]"
10,0,Ġcomplexity,"[8, 21, 32, 34, 45, 58]"
10,0,.,"[30, 44, 53, 55, 60, 11]"
11,0,<｜begin▁of▁sentence｜>,"[10, 11, 17, 18, 27, 54]"
11,0,You,"[10, 15, 17, 22, 43, 58]"
11,0,Ġare,"[6, 10, 16, 43, 54, 26]"
11,0,Ġgiven,"[21, 30, 43, 54, 62, 39]"
11,0,Ġtwo,"[20, 23, 25, 30, 44, 14]"
11,0,Ġsorted,"[3, 30, 42, 56, 58, 22]"
11,0,Ġlists,"[13, 30, 33, 52, 58, 3]"
11,0,Ġof,"[20, 30, 39, 45, 63, 14]"
11,0,Ġsize,"[11, 12, 14, 30, 63, 22]"
11,0,Ġm,"[14, 18, 30, 49, 58, 11]"
11,0,Ġand,"[4, 5, 7, 12, 63, 0]"
11,0,Ġn,"[14, 18, 30, 52, 58, 27]"
11,0,.,"[0, 7, 8, 30, 35, 47]"
11,0,ĠImplement,"[16, 21, 30, 39, 54, 45]"
11,0,Ġa,"[20, 30, 39, 45, 54, 25]"
11,0,Ġfunction,"[13, 16, 30, 33, 45, 54]"
11,0,Ġto,"[6, 7, 30, 39, 45, 26]"
11,0,Ġfind,"[21, 30, 32, 39, 45, 16]"
11,0,Ġthe,"[20, 30, 39, 45, 51, 25]"
11,0,Ġk,"[14, 18, 30, 49, 58, 42]"
11,0,th,"[14, 18, 30, 58, 59, 42]"
11,0,Ġsmallest,"[14, 30, 42, 52, 56, 59]"
11,0,Ġelement,"[11, 13, 14, 30, 52, 58]"
11,0,Ġin,"[19, 30, 32, 45, 50, 39]"
11,0,Ġthe,"[19, 20, 30, 32, 51, 50]"
11,0,Ġunion,"[13, 30, 42, 52, 58, 32]"
11,0,Ġof,"[19, 30, 32, 50, 63, 45]"
11,0,Ġthe,"[20, 25, 30, 51, 63, 19]"
11,0,Ġtwo,"[14, 25, 27, 30, 51, 23]"
11,0,Ġlists,"[13, 14, 30, 52, 58, 33]"
11,0,Ġwith,"[7, 20, 30, 50, 63, 39]"
11,0,Ġlinear,"[14, 22, 30, 42, 56, 11]"
11,0,Ġcomplexity,"[13, 14, 30, 48, 56, 33]"
11,0,.,"[0, 8, 30, 35, 47, 7]"
12,0,<｜begin▁of▁sentence｜>,"[4, 30, 37, 50, 59, 3]"
12,0,You,"[12, 29, 47, 58, 59, 28]"
12,0,Ġare,"[29, 30, 34, 47, 59, 20]"
12,0,Ġgiven,"[0, 30, 34, 44, 51, 32]"
12,0,Ġtwo,"[15, 37, 51, 53, 58, 35]"
12,0,Ġsorted,"[1, 18, 32, 33, 53, 55]"
12,0,Ġlists,"[8, 18, 32, 35, 52, 31]"
12,0,Ġof,"[15, 20, 50, 51, 53, 58]"
12,0,Ġsize,"[1, 4, 6, 23, 32, 35]"
12,0,Ġm,"[6, 23, 27, 35, 37, 22]"
12,0,Ġand,"[4, 28, 46, 54, 57, 59]"
12,0,Ġn,"[6, 27, 35, 37, 52, 23]"
12,0,.,"[7, 35, 42, 43, 58, 10]"
12,0,ĠImplement,"[0, 1, 30, 34, 44, 58]"
12,0,Ġa,"[0, 34, 47, 53, 58, 55]"
12,0,Ġfunction,"[8, 18, 32, 52, 58, 47]"
12,0,Ġto,"[0, 17, 34, 55, 58, 39]"
12,0,Ġfind,"[0, 34, 51, 55, 58, 17]"
12,0,Ġthe,"[0, 15, 34, 53, 58, 55]"
12,0,Ġk,"[23, 27, 35, 37, 62, 6]"
12,0,th,"[15, 23, 32, 37, 53, 33]"
12,0,Ġsmallest,"[6, 15, 18, 22, 53, 32]"
12,0,Ġelement,"[8, 18, 32, 52, 63, 33]"
12,0,Ġin,"[2, 15, 30, 43, 50, 55]"
12,0,Ġthe,"[2, 15, 43, 50, 53, 34]"
12,0,Ġunion,"[11, 18, 32, 33, 52, 1]"
12,0,Ġof,"[10, 15, 43, 50, 58, 2]"
12,0,Ġthe,"[2, 15, 43, 50, 53, 47]"
12,0,Ġtwo,"[2, 15, 37, 50, 53, 43]"
12,0,Ġlists,"[11, 18, 22, 32, 52, 31]"
12,0,Ġwith,"[10, 15, 39, 51, 58, 55]"
12,0,Ġlinear,"[6, 11, 15, 51, 53, 58]"
12,0,Ġcomplexity,"[1, 6, 11, 18, 32, 52]"
12,0,.,"[7, 29, 42, 43, 58, 38]"
13,0,<｜begin▁of▁sentence｜>,"[11, 24, 34, 36, 47, 58]"
13,0,You,"[6, 10, 17, 42, 58, 23]"
13,0,Ġare,"[6, 8, 17, 23, 42, 27]"
13,0,Ġgiven,"[6, 17, 23, 42, 49, 19]"
13,0,Ġtwo,"[17, 22, 23, 42, 49, 46]"
13,0,Ġsorted,"[16, 22, 38, 55, 63, 17]"
13,0,Ġlists,"[17, 36, 55, 59, 63, 61]"
13,0,Ġof,"[13, 17, 23, 37, 38, 19]"
13,0,Ġsize,"[0, 6, 17, 36, 55, 39]"
13,0,Ġm,"[39, 45, 54, 59, 61, 62]"
13,0,Ġand,"[2, 9, 17, 25, 34, 54]"
13,0,Ġn,"[35, 45, 55, 59, 61, 62]"
13,0,.,"[1, 21, 31, 33, 40, 19]"
13,0,ĠImplement,"[19, 23, 38, 48, 49, 37]"
13,0,Ġa,"[19, 22, 23, 38, 49, 13]"
13,0,Ġfunction,"[23, 36, 37, 55, 63, 19]"
13,0,Ġto,"[23, 34, 38, 40, 49, 27]"
13,0,Ġfind,"[13, 19, 23, 37, 38, 49]"
13,0,Ġthe,"[23, 27, 32, 37, 49, 19]"
13,0,Ġk,"[16, 39, 45, 55, 63, 54]"
13,0,th,"[0, 16, 35, 48, 63, 22]"
13,0,Ġsmallest,"[0, 16, 22, 61, 63, 35]"
13,0,Ġelement,"[35, 36, 55, 59, 63, 62]"
13,0,Ġin,"[7, 16, 22, 23, 32, 13]"
13,0,Ġthe,"[7, 16, 22, 23, 32, 13]"
13,0,Ġunion,"[16, 35, 38, 55, 63, 48]"
13,0,Ġof,"[7, 16, 22, 32, 38, 23]"
13,0,Ġthe,"[16, 22, 23, 32, 38, 35]"
13,0,Ġtwo,"[16, 22, 23, 32, 46, 55]"
13,0,Ġlists,"[16, 36, 55, 59, 63, 11]"
13,0,Ġwith,"[12, 19, 31, 37, 46, 40]"
13,0,Ġlinear,"[0, 19, 22, 35, 63, 46]"
13,0,Ġcomplexity,"[19, 36, 59, 62, 63, 39]"
13,0,.,"[1, 21, 31, 33, 40, 41]"
14,0,<｜begin▁of▁sentence｜>,"[5, 7, 23, 27, 51, 24]"
14,0,You,"[5, 7, 18, 27, 31, 61]"
14,0,Ġare,"[5, 7, 31, 39, 62, 12]"
14,0,Ġgiven,"[3, 28, 43, 50, 54, 40]"
14,0,Ġtwo,"[6, 32, 43, 49, 54, 50]"
14,0,Ġsorted,"[6, 14, 20, 23, 32, 24]"
14,0,Ġlists,"[8, 23, 37, 42, 59, 6]"
14,0,Ġof,"[6, 29, 43, 49, 53, 14]"
14,0,Ġsize,"[14, 16, 23, 49, 53, 56]"
14,0,Ġm,"[11, 19, 23, 26, 49, 0]"
14,0,Ġand,"[4, 36, 53, 56, 57, 13]"
14,0,Ġn,"[11, 23, 26, 49, 52, 59]"
14,0,.,"[1, 4, 15, 30, 50, 25]"
14,0,ĠImplement,"[1, 14, 35, 38, 50, 12]"
14,0,Ġa,"[1, 32, 35, 54, 62, 14]"
14,0,Ġfunction,"[1, 8, 37, 38, 42, 59]"
14,0,Ġto,"[1, 2, 12, 50, 62, 21]"
14,0,Ġfind,"[1, 14, 24, 35, 43, 29]"
14,0,Ġthe,"[0, 1, 14, 32, 43, 54]"
14,0,Ġk,"[0, 6, 11, 23, 49, 19]"
14,0,th,"[6, 14, 23, 32, 49, 26]"
14,0,Ġsmallest,"[6, 14, 23, 32, 59, 48]"
14,0,Ġelement,"[8, 23, 37, 42, 59, 14]"
14,0,Ġin,"[29, 36, 40, 43, 53, 17]"
14,0,Ġthe,"[0, 7, 17, 36, 43, 32]"
14,0,Ġunion,"[20, 27, 35, 37, 48, 38]"
14,0,Ġof,"[6, 29, 40, 43, 53, 24]"
14,0,Ġthe,"[0, 6, 17, 36, 43, 20]"
14,0,Ġtwo,"[6, 17, 36, 43, 49, 20]"
14,0,Ġlists,"[8, 23, 37, 42, 59, 55]"
14,0,Ġwith,"[6, 43, 53, 54, 60, 50]"
14,0,Ġlinear,"[6, 20, 22, 48, 54, 16]"
14,0,Ġcomplexity,"[8, 16, 38, 48, 52, 59]"
14,0,.,"[4, 15, 25, 30, 50, 59]"
15,0,<｜begin▁of▁sentence｜>,"[5, 14, 48, 52, 55, 36]"
15,0,You,"[5, 12, 17, 40, 63, 55]"
15,0,Ġare,"[5, 12, 24, 45, 55, 17]"
15,0,Ġgiven,"[14, 15, 18, 27, 59, 29]"
15,0,Ġtwo,"[10, 18, 29, 46, 59, 9]"
15,0,Ġsorted,"[1, 9, 18, 48, 56, 59]"
15,0,Ġlists,"[25, 42, 43, 48, 59, 27]"
15,0,Ġof,"[9, 21, 29, 56, 59, 35]"
15,0,Ġsize,"[9, 14, 19, 42, 59, 41]"
15,0,Ġm,"[10, 28, 32, 40, 48, 27]"
15,0,Ġand,"[9, 19, 34, 52, 61, 31]"
15,0,Ġn,"[10, 26, 27, 32, 48, 28]"
15,0,.,"[9, 13, 16, 59, 63, 8]"
15,0,ĠImplement,"[11, 18, 21, 56, 57, 1]"
15,0,Ġa,"[2, 29, 46, 56, 59, 18]"
15,0,Ġfunction,"[27, 36, 37, 42, 43, 12]"
15,0,Ġto,"[13, 29, 45, 59, 62, 44]"
15,0,Ġfind,"[9, 18, 21, 53, 59, 29]"
15,0,Ġthe,"[9, 18, 29, 46, 59, 56]"
15,0,Ġk,"[9, 10, 26, 32, 48, 58]"
15,0,th,"[9, 10, 18, 46, 59, 26]"
15,0,Ġsmallest,"[9, 18, 46, 56, 59, 57]"
15,0,Ġelement,"[27, 42, 43, 44, 59, 37]"
15,0,Ġin,"[2, 9, 21, 23, 59, 29]"
15,0,Ġthe,"[9, 20, 23, 29, 46, 2]"
15,0,Ġunion,"[11, 25, 42, 43, 59, 52]"
15,0,Ġof,"[2, 9, 18, 21, 59, 1]"
15,0,Ġthe,"[9, 18, 19, 29, 46, 59]"
15,0,Ġtwo,"[9, 10, 29, 46, 56, 18]"
15,0,Ġlists,"[25, 27, 39, 42, 43, 11]"
15,0,Ġwith,"[2, 9, 13, 21, 59, 63]"
15,0,Ġlinear,"[9, 14, 49, 57, 59, 1]"
15,0,Ġcomplexity,"[27, 42, 48, 57, 59, 28]"
15,0,.,"[13, 16, 38, 59, 63, 0]"
16,0,<｜begin▁of▁sentence｜>,"[9, 13, 26, 33, 63, 49]"
16,0,You,"[9, 33, 37, 41, 49, 19]"
16,0,Ġare,"[0, 10, 26, 41, 43, 33]"
16,0,Ġgiven,"[1, 10, 11, 41, 48, 26]"
16,0,Ġtwo,"[1, 8, 10, 11, 58, 21]"
16,0,Ġsorted,"[2, 10, 26, 54, 58, 11]"
16,0,Ġlists,"[25, 26, 45, 56, 57, 63]"
16,0,Ġof,"[1, 10, 35, 48, 58, 23]"
16,0,Ġsize,"[10, 21, 28, 55, 57, 13]"
16,0,Ġm,"[20, 21, 37, 53, 55, 8]"
16,0,Ġand,"[14, 32, 46, 55, 59, 57]"
16,0,Ġn,"[25, 45, 53, 56, 57, 55]"
16,0,.,"[10, 17, 38, 50, 58, 11]"
16,0,ĠImplement,"[1, 10, 35, 47, 48, 52]"
16,0,Ġa,"[0, 1, 10, 50, 58, 48]"
16,0,Ġfunction,"[10, 25, 26, 30, 56, 7]"
16,0,Ġto,"[10, 45, 48, 50, 62, 35]"
16,0,Ġfind,"[10, 23, 35, 48, 50, 59]"
16,0,Ġthe,"[1, 10, 48, 50, 58, 35]"
16,0,Ġk,"[8, 21, 37, 53, 55, 20]"
16,0,th,"[1, 8, 21, 53, 54, 20]"
16,0,Ġsmallest,"[7, 8, 30, 49, 54, 58]"
16,0,Ġelement,"[7, 25, 30, 45, 56, 63]"
16,0,Ġin,"[0, 35, 48, 52, 58, 10]"
16,0,Ġthe,"[10, 22, 29, 35, 58, 32]"
16,0,Ġunion,"[7, 25, 47, 60, 63, 54]"
16,0,Ġof,"[10, 35, 48, 52, 58, 23]"
16,0,Ġthe,"[8, 10, 35, 50, 58, 1]"
16,0,Ġtwo,"[8, 10, 29, 57, 58, 35]"
16,0,Ġlists,"[25, 26, 45, 47, 56, 57]"
16,0,Ġwith,"[1, 10, 35, 48, 58, 52]"
16,0,Ġlinear,"[1, 2, 4, 21, 47, 10]"
16,0,Ġcomplexity,"[4, 25, 26, 28, 56, 21]"
16,0,.,"[10, 11, 17, 38, 42, 24]"
17,0,<｜begin▁of▁sentence｜>,"[0, 11, 18, 26, 43, 41]"
17,0,You,"[20, 26, 28, 40, 44, 41]"
17,0,Ġare,"[0, 20, 29, 43, 62, 2]"
17,0,Ġgiven,"[6, 25, 39, 51, 61, 22]"
17,0,Ġtwo,"[6, 35, 36, 39, 51, 3]"
17,0,Ġsorted,"[6, 30, 35, 36, 51, 22]"
17,0,Ġlists,"[6, 47, 48, 51, 58, 27]"
17,0,Ġof,"[6, 27, 29, 36, 39, 51]"
17,0,Ġsize,"[6, 25, 28, 51, 61, 19]"
17,0,Ġm,"[3, 13, 17, 23, 46, 32]"
17,0,Ġand,"[18, 20, 25, 28, 31, 6]"
17,0,Ġn,"[3, 6, 13, 46, 51, 23]"
17,0,.,"[6, 25, 52, 55, 56, 42]"
17,0,ĠImplement,"[11, 22, 30, 39, 51, 6]"
17,0,Ġa,"[34, 36, 37, 39, 51, 6]"
17,0,Ġfunction,"[6, 47, 51, 58, 61, 45]"
17,0,Ġto,"[4, 6, 33, 44, 51, 25]"
17,0,Ġfind,"[6, 25, 36, 39, 54, 30]"
17,0,Ġthe,"[6, 16, 34, 36, 39, 25]"
17,0,Ġk,"[3, 6, 13, 17, 35, 23]"
17,0,th,"[3, 6, 23, 35, 36, 17]"
17,0,Ġsmallest,"[6, 35, 36, 37, 51, 41]"
17,0,Ġelement,"[6, 7, 35, 47, 51, 58]"
17,0,Ġin,"[6, 36, 38, 53, 54, 20]"
17,0,Ġthe,"[6, 28, 34, 36, 53, 2]"
17,0,Ġunion,"[6, 35, 45, 50, 51, 58]"
17,0,Ġof,"[6, 11, 31, 34, 36, 53]"
17,0,Ġthe,"[6, 12, 34, 36, 62, 2]"
17,0,Ġtwo,"[6, 34, 35, 36, 37, 51]"
17,0,Ġlists,"[6, 7, 47, 48, 51, 58]"
17,0,Ġwith,"[6, 25, 36, 39, 52, 31]"
17,0,Ġlinear,"[6, 35, 37, 39, 51, 45]"
17,0,Ġcomplexity,"[6, 7, 35, 50, 51, 61]"
17,0,.,"[6, 25, 40, 52, 55, 59]"
18,0,<｜begin▁of▁sentence｜>,"[2, 5, 39, 56, 61, 49]"
18,0,You,"[0, 1, 30, 56, 61, 11]"
18,0,Ġare,"[0, 18, 31, 56, 61, 59]"
18,0,Ġgiven,"[0, 27, 43, 47, 55, 54]"
18,0,Ġtwo,"[0, 27, 34, 36, 62, 22]"
18,0,Ġsorted,"[0, 3, 9, 27, 55, 7]"
18,0,Ġlists,"[0, 5, 16, 60, 63, 14]"
18,0,Ġof,"[0, 1, 27, 28, 34, 62]"
18,0,Ġsize,"[0, 8, 16, 19, 63, 18]"
18,0,Ġm,"[0, 2, 36, 49, 52, 22]"
18,0,Ġand,"[6, 8, 31, 61, 63, 59]"
18,0,Ġn,"[0, 49, 52, 54, 58, 2]"
18,0,.,"[9, 46, 51, 53, 57, 0]"
18,0,ĠImplement,"[0, 7, 9, 14, 47, 58]"
18,0,Ġa,"[0, 9, 27, 34, 43, 14]"
18,0,Ġfunction,"[5, 9, 14, 19, 35, 21]"
18,0,Ġto,"[0, 9, 21, 29, 34, 20]"
18,0,Ġfind,"[0, 9, 34, 47, 55, 27]"
18,0,Ġthe,"[0, 9, 27, 34, 53, 57]"
18,0,Ġk,"[0, 2, 27, 52, 58, 22]"
18,0,th,"[0, 9, 27, 34, 58, 36]"
18,0,Ġsmallest,"[0, 3, 9, 19, 27, 34]"
18,0,Ġelement,"[0, 3, 10, 16, 35, 19]"
18,0,Ġin,"[9, 27, 31, 34, 47, 0]"
18,0,Ġthe,"[0, 9, 27, 28, 34, 63]"
18,0,Ġunion,"[0, 10, 14, 16, 32, 7]"
18,0,Ġof,"[0, 7, 27, 28, 47, 63]"
18,0,Ġthe,"[0, 9, 27, 28, 34, 32]"
18,0,Ġtwo,"[0, 10, 27, 36, 44, 28]"
18,0,Ġlists,"[0, 2, 7, 10, 16, 44]"
18,0,Ġwith,"[0, 9, 27, 34, 43, 57]"
18,0,Ġlinear,"[9, 14, 27, 36, 43, 48]"
18,0,Ġcomplexity,"[0, 16, 19, 35, 54, 5]"
18,0,.,"[9, 46, 51, 53, 57, 39]"
19,0,<｜begin▁of▁sentence｜>,"[5, 6, 23, 44, 54, 40]"
19,0,You,"[24, 28, 40, 53, 58, 43]"
19,0,Ġare,"[4, 24, 28, 45, 53, 43]"
19,0,Ġgiven,"[4, 5, 21, 32, 59, 43]"
19,0,Ġtwo,"[4, 7, 16, 31, 32, 3]"
19,0,Ġsorted,"[4, 7, 32, 39, 44, 59]"
19,0,Ġlists,"[8, 20, 32, 44, 57, 50]"
19,0,Ġof,"[4, 7, 18, 32, 59, 21]"
19,0,Ġsize,"[5, 32, 34, 54, 59, 62]"
19,0,Ġm,"[31, 44, 54, 57, 62, 2]"
19,0,Ġand,"[32, 34, 51, 54, 59, 61]"
19,0,Ġn,"[20, 44, 56, 57, 62, 49]"
19,0,.,"[14, 32, 47, 52, 53, 1]"
19,0,ĠImplement,"[4, 20, 21, 32, 33, 53]"
19,0,Ġa,"[4, 7, 16, 32, 53, 56]"
19,0,Ġfunction,"[4, 8, 20, 32, 57, 53]"
19,0,Ġto,"[4, 32, 38, 52, 53, 36]"
19,0,Ġfind,"[1, 4, 21, 32, 56, 18]"
19,0,Ġthe,"[1, 7, 19, 25, 32, 56]"
19,0,Ġk,"[7, 25, 31, 32, 62, 3]"
19,0,th,"[1, 7, 12, 32, 55, 56]"
19,0,Ġsmallest,"[4, 7, 11, 32, 44, 5]"
19,0,Ġelement,"[8, 12, 20, 44, 57, 32]"
19,0,Ġin,"[4, 21, 32, 46, 59, 60]"
19,0,Ġthe,"[4, 7, 19, 25, 32, 37]"
19,0,Ġunion,"[8, 12, 35, 44, 57, 20]"
19,0,Ġof,"[4, 32, 46, 56, 59, 33]"
19,0,Ġthe,"[7, 19, 25, 32, 55, 56]"
19,0,Ġtwo,"[7, 16, 25, 32, 55, 56]"
19,0,Ġlists,"[20, 38, 44, 57, 58, 6]"
19,0,Ġwith,"[4, 21, 32, 33, 59, 56]"
19,0,Ġlinear,"[5, 7, 16, 32, 44, 1]"
19,0,Ġcomplexity,"[4, 20, 44, 57, 59, 62]"
19,0,.,"[14, 30, 47, 53, 60, 19]"
20,0,<｜begin▁of▁sentence｜>,"[1, 20, 26, 36, 38, 57]"
20,0,You,"[7, 15, 20, 24, 36, 1]"
20,0,Ġare,"[7, 24, 25, 43, 50, 56]"
20,0,Ġgiven,"[7, 19, 27, 50, 51, 59]"
20,0,Ġtwo,"[3, 6, 19, 27, 33, 7]"
20,0,Ġsorted,"[3, 11, 27, 33, 46, 16]"
20,0,Ġlists,"[3, 21, 23, 27, 55, 29]"
20,0,Ġof,"[3, 19, 27, 28, 33, 59]"
20,0,Ġsize,"[3, 12, 19, 31, 56, 8]"
20,0,Ġm,"[4, 6, 18, 21, 60, 23]"
20,0,Ġand,"[1, 8, 9, 12, 19, 52]"
20,0,Ġn,"[3, 6, 21, 23, 55, 60]"
20,0,.,"[3, 7, 22, 42, 50, 44]"
20,0,ĠImplement,"[7, 13, 27, 32, 50, 59]"
20,0,Ġa,"[7, 27, 32, 35, 50, 19]"
20,0,Ġfunction,"[7, 27, 50, 55, 57, 5]"
20,0,Ġto,"[7, 9, 19, 27, 28, 32]"
20,0,Ġfind,"[5, 7, 16, 19, 32, 27]"
20,0,Ġthe,"[17, 19, 32, 33, 35, 16]"
20,0,Ġk,"[4, 6, 18, 27, 60, 16]"
20,0,th,"[6, 16, 27, 33, 35, 19]"
20,0,Ġsmallest,"[3, 5, 16, 19, 27, 6]"
20,0,Ġelement,"[5, 7, 21, 23, 55, 57]"
20,0,Ġin,"[17, 19, 28, 32, 59, 27]"
20,0,Ġthe,"[17, 19, 27, 32, 63, 7]"
20,0,Ġunion,"[13, 23, 27, 41, 55, 58]"
20,0,Ġof,"[17, 19, 27, 28, 59, 5]"
20,0,Ġthe,"[17, 19, 27, 32, 33, 63]"
20,0,Ġtwo,"[3, 6, 17, 19, 27, 33]"
20,0,Ġlists,"[3, 5, 21, 23, 55, 29]"
20,0,Ġwith,"[17, 19, 27, 28, 59, 32]"
20,0,Ġlinear,"[10, 13, 27, 58, 62, 16]"
20,0,Ġcomplexity,"[21, 23, 44, 55, 62, 57]"
20,0,.,"[7, 22, 25, 44, 50, 42]"
21,0,<｜begin▁of▁sentence｜>,"[16, 19, 21, 53, 54, 10]"
21,0,You,"[1, 10, 15, 39, 49, 28]"
21,0,Ġare,"[6, 16, 26, 29, 54, 62]"
21,0,Ġgiven,"[23, 35, 44, 47, 50, 5]"
21,0,Ġtwo,"[32, 35, 43, 44, 57, 19]"
21,0,Ġsorted,"[27, 35, 41, 44, 57, 39]"
21,0,Ġlists,"[0, 22, 35, 41, 44, 5]"
21,0,Ġof,"[23, 35, 44, 54, 57, 20]"
21,0,Ġsize,"[20, 35, 41, 44, 48, 19]"
21,0,Ġm,"[21, 38, 43, 52, 58, 41]"
21,0,Ġand,"[9, 12, 19, 35, 54, 31]"
21,0,Ġn,"[9, 22, 29, 44, 52, 38]"
21,0,.,"[14, 24, 44, 55, 59, 35]"
21,0,ĠImplement,"[35, 44, 50, 55, 56, 54]"
21,0,Ġa,"[20, 32, 44, 50, 55, 54]"
21,0,Ġfunction,"[35, 41, 44, 55, 59, 0]"
21,0,Ġto,"[24, 44, 54, 55, 59, 35]"
21,0,Ġfind,"[20, 23, 35, 44, 55, 50]"
21,0,Ġthe,"[20, 23, 35, 44, 55, 1]"
21,0,Ġk,"[17, 20, 27, 41, 44, 21]"
21,0,th,"[20, 27, 41, 44, 55, 35]"
21,0,Ġsmallest,"[27, 32, 35, 41, 44, 46]"
21,0,Ġelement,"[10, 22, 29, 41, 44, 39]"
21,0,Ġin,"[35, 44, 47, 50, 63, 62]"
21,0,Ġthe,"[14, 35, 44, 54, 63, 1]"
21,0,Ġunion,"[5, 10, 22, 41, 56, 44]"
21,0,Ġof,"[35, 44, 50, 57, 63, 4]"
21,0,Ġthe,"[1, 14, 35, 44, 63, 12]"
21,0,Ġtwo,"[19, 44, 46, 57, 60, 22]"
21,0,Ġlists,"[22, 25, 41, 51, 52, 10]"
21,0,Ġwith,"[20, 35, 44, 47, 63, 50]"
21,0,Ġlinear,"[2, 20, 27, 35, 44, 41]"
21,0,Ġcomplexity,"[22, 35, 41, 51, 52, 20]"
21,0,.,"[1, 14, 35, 51, 55, 19]"
22,0,<｜begin▁of▁sentence｜>,"[0, 3, 5, 8, 55, 11]"
22,0,You,"[6, 8, 42, 45, 63, 27]"
22,0,Ġare,"[8, 27, 31, 45, 63, 11]"
22,0,Ġgiven,"[18, 28, 39, 47, 62, 30]"
22,0,Ġtwo,"[0, 4, 7, 25, 62, 2]"
22,0,Ġsorted,"[0, 4, 22, 25, 62, 13]"
22,0,Ġlists,"[12, 16, 20, 33, 46, 17]"
22,0,Ġof,"[4, 23, 25, 28, 62, 18]"
22,0,Ġsize,"[23, 26, 39, 46, 54, 50]"
22,0,Ġm,"[2, 3, 4, 9, 43, 61]"
22,0,Ġand,"[23, 26, 39, 41, 46, 33]"
22,0,Ġn,"[12, 16, 20, 51, 61, 2]"
22,0,.,"[21, 36, 38, 40, 60, 59]"
22,0,ĠImplement,"[18, 28, 44, 49, 62, 34]"
22,0,Ġa,"[0, 13, 34, 52, 62, 44]"
22,0,Ġfunction,"[0, 8, 12, 16, 51, 63]"
22,0,Ġto,"[0, 36, 38, 59, 62, 44]"
22,0,Ġfind,"[0, 18, 23, 28, 62, 44]"
22,0,Ġthe,"[0, 23, 39, 44, 62, 13]"
22,0,Ġk,"[0, 2, 3, 4, 23, 1]"
22,0,th,"[0, 4, 23, 44, 62, 3]"
22,0,Ġsmallest,"[2, 4, 13, 23, 51, 44]"
22,0,Ġelement,"[12, 16, 36, 51, 58, 46]"
22,0,Ġin,"[4, 18, 28, 39, 62, 22]"
22,0,Ġthe,"[13, 23, 39, 41, 62, 0]"
22,0,Ġunion,"[8, 16, 22, 49, 51, 24]"
22,0,Ġof,"[0, 18, 23, 28, 39, 25]"
22,0,Ġthe,"[0, 23, 25, 39, 41, 62]"
22,0,Ġtwo,"[0, 4, 25, 30, 62, 61]"
22,0,Ġlists,"[12, 16, 51, 58, 61, 8]"
22,0,Ġwith,"[4, 18, 23, 28, 62, 26]"
22,0,Ġlinear,"[4, 13, 26, 49, 62, 23]"
22,0,Ġcomplexity,"[8, 12, 16, 51, 58, 26]"
22,0,.,"[8, 21, 24, 40, 60, 26]"
23,0,<｜begin▁of▁sentence｜>,"[0, 3, 5, 45, 47, 16]"
23,0,You,"[0, 11, 37, 45, 48, 42]"
23,0,Ġare,"[2, 11, 42, 55, 58, 15]"
23,0,Ġgiven,"[17, 25, 26, 50, 51, 42]"
23,0,Ġtwo,"[19, 25, 31, 41, 50, 51]"
23,0,Ġsorted,"[21, 25, 31, 50, 52, 14]"
23,0,Ġlists,"[10, 18, 25, 27, 28, 46]"
23,0,Ġof,"[17, 25, 31, 43, 51, 42]"
23,0,Ġsize,"[14, 25, 27, 43, 54, 35]"
23,0,Ġm,"[13, 27, 35, 45, 54, 52]"
23,0,Ġand,"[9, 20, 37, 54, 61, 4]"
23,0,Ġn,"[10, 18, 27, 28, 54, 36]"
23,0,.,"[6, 26, 29, 38, 44, 50]"
23,0,ĠImplement,"[3, 17, 25, 46, 50, 51]"
23,0,Ġa,"[15, 25, 41, 50, 51, 59]"
23,0,Ġfunction,"[14, 25, 27, 28, 46, 18]"
23,0,Ġto,"[1, 25, 29, 44, 51, 50]"
23,0,Ġfind,"[16, 17, 25, 43, 50, 15]"
23,0,Ġthe,"[19, 22, 25, 41, 51, 43]"
23,0,Ġk,"[3, 9, 25, 45, 54, 14]"
23,0,th,"[3, 9, 14, 25, 36, 31]"
23,0,Ġsmallest,"[14, 25, 31, 36, 43, 35]"
23,0,Ġelement,"[10, 18, 27, 28, 36, 46]"
23,0,Ġin,"[5, 17, 19, 25, 50, 26]"
23,0,Ġthe,"[19, 22, 25, 41, 51, 50]"
23,0,Ġunion,"[10, 14, 34, 36, 42, 46]"
23,0,Ġof,"[9, 16, 17, 20, 25, 31]"
23,0,Ġthe,"[20, 22, 25, 31, 41, 34]"
23,0,Ġtwo,"[22, 25, 31, 36, 50, 34]"
23,0,Ġlists,"[10, 18, 27, 28, 36, 46]"
23,0,Ġwith,"[17, 25, 26, 43, 50, 51]"
23,0,Ġlinear,"[25, 35, 36, 43, 50, 14]"
23,0,Ġcomplexity,"[10, 18, 27, 36, 50, 46]"
23,0,.,"[6, 23, 38, 40, 57, 46]"
24,0,<｜begin▁of▁sentence｜>,"[10, 24, 47, 62, 63, 5]"
24,0,You,"[7, 24, 36, 40, 42, 0]"
24,0,Ġare,"[4, 24, 42, 54, 62, 47]"
24,0,Ġgiven,"[13, 15, 30, 55, 58, 22]"
24,0,Ġtwo,"[16, 27, 33, 39, 56, 44]"
24,0,Ġsorted,"[16, 20, 33, 36, 56, 54]"
24,0,Ġlists,"[9, 12, 28, 36, 62, 41]"
24,0,Ġof,"[13, 27, 48, 55, 58, 44]"
24,0,Ġsize,"[25, 28, 44, 48, 58, 24]"
24,0,Ġm,"[10, 18, 23, 32, 33, 19]"
24,0,Ġand,"[2, 15, 44, 55, 58, 1]"
24,0,Ġn,"[9, 12, 20, 23, 44, 18]"
24,0,.,"[2, 14, 37, 51, 61, 45]"
24,0,ĠImplement,"[13, 16, 24, 51, 55, 50]"
24,0,Ġa,"[16, 39, 46, 50, 54, 38]"
24,0,Ġfunction,"[4, 9, 20, 51, 62, 1]"
24,0,Ġto,"[29, 35, 49, 51, 54, 16]"
24,0,Ġfind,"[13, 28, 50, 51, 55, 61]"
24,0,Ġthe,"[28, 39, 50, 55, 56, 63]"
24,0,Ġk,"[8, 10, 20, 33, 53, 38]"
24,0,th,"[20, 39, 53, 54, 56, 33]"
24,0,Ġsmallest,"[20, 23, 39, 44, 55, 12]"
24,0,Ġelement,"[3, 9, 12, 20, 38, 62]"
24,0,Ġin,"[4, 13, 30, 48, 55, 20]"
24,0,Ġthe,"[20, 39, 48, 55, 56, 50]"
24,0,Ġunion,"[9, 12, 20, 53, 56, 34]"
24,0,Ġof,"[10, 13, 28, 48, 55, 20]"
24,0,Ġthe,"[25, 30, 39, 48, 56, 10]"
24,0,Ġtwo,"[20, 33, 39, 41, 56, 23]"
24,0,Ġlists,"[3, 9, 20, 23, 62, 8]"
24,0,Ġwith,"[13, 25, 48, 55, 58, 24]"
24,0,Ġlinear,"[16, 20, 39, 46, 56, 48]"
24,0,Ġcomplexity,"[3, 9, 20, 23, 58, 12]"
24,0,.,"[14, 37, 51, 61, 63, 50]"
25,0,<｜begin▁of▁sentence｜>,"[1, 11, 38, 39, 45, 54]"
25,0,You,"[21, 46, 54, 59, 61, 52]"
25,0,Ġare,"[2, 10, 12, 24, 53, 49]"
25,0,Ġgiven,"[2, 5, 18, 34, 37, 36]"
25,0,Ġtwo,"[16, 24, 25, 51, 62, 35]"
25,0,Ġsorted,"[6, 16, 27, 51, 62, 23]"
25,0,Ġlists,"[17, 20, 40, 55, 60, 18]"
25,0,Ġof,"[5, 14, 16, 24, 51, 18]"
25,0,Ġsize,"[18, 23, 31, 36, 47, 34]"
25,0,Ġm,"[6, 25, 38, 55, 62, 40]"
25,0,Ġand,"[29, 36, 42, 59, 63, 52]"
25,0,Ġn,"[17, 20, 38, 40, 55, 60]"
25,0,.,"[1, 12, 42, 44, 45, 10]"
25,0,ĠImplement,"[5, 10, 18, 23, 31, 54]"
25,0,Ġa,"[16, 23, 24, 35, 58, 41]"
25,0,Ġfunction,"[11, 17, 18, 20, 31, 55]"
25,0,Ġto,"[5, 9, 18, 53, 61, 63]"
25,0,Ġfind,"[5, 18, 23, 35, 51, 16]"
25,0,Ġthe,"[4, 16, 23, 35, 51, 18]"
25,0,Ġk,"[6, 25, 38, 51, 62, 52]"
25,0,th,"[6, 16, 35, 51, 62, 27]"
25,0,Ġsmallest,"[16, 17, 20, 27, 51, 35]"
25,0,Ġelement,"[10, 17, 20, 40, 60, 37]"
25,0,Ġin,"[5, 7, 14, 18, 41, 63]"
25,0,Ġthe,"[14, 16, 27, 35, 51, 63]"
25,0,Ġunion,"[6, 17, 20, 31, 60, 27]"
25,0,Ġof,"[5, 8, 14, 18, 51, 63]"
25,0,Ġthe,"[16, 27, 35, 51, 52, 14]"
25,0,Ġtwo,"[16, 27, 35, 51, 62, 25]"
25,0,Ġlists,"[17, 20, 38, 40, 56, 33]"
25,0,Ġwith,"[5, 14, 18, 24, 51, 23]"
25,0,Ġlinear,"[6, 23, 27, 31, 62, 58]"
25,0,Ġcomplexity,"[17, 20, 26, 27, 31, 57]"
25,0,.,"[1, 10, 12, 42, 45, 63]"
26,0,<｜begin▁of▁sentence｜>,"[9, 34, 54, 56, 57, 14]"
26,0,You,"[5, 15, 20, 42, 46, 36]"
26,0,Ġare,"[2, 4, 5, 36, 56, 46]"
26,0,Ġgiven,"[6, 16, 46, 47, 60, 23]"
26,0,Ġtwo,"[8, 23, 47, 49, 50, 41]"
26,0,Ġsorted,"[8, 16, 25, 28, 49, 10]"
26,0,Ġlists,"[10, 16, 25, 58, 59, 53]"
26,0,Ġof,"[6, 8, 16, 23, 47, 4]"
26,0,Ġsize,"[10, 16, 25, 40, 50, 18]"
26,0,Ġm,"[25, 35, 38, 43, 58, 16]"
26,0,Ġand,"[4, 18, 31, 45, 50, 54]"
26,0,Ġn,"[16, 43, 53, 58, 59, 38]"
26,0,.,"[24, 36, 52, 54, 56, 15]"
26,0,ĠImplement,"[6, 10, 11, 32, 60, 12]"
26,0,Ġa,"[1, 12, 19, 23, 51, 28]"
26,0,Ġfunction,"[10, 16, 22, 25, 50, 53]"
26,0,Ġto,"[10, 15, 16, 20, 39, 6]"
26,0,Ġfind,"[6, 10, 12, 51, 60, 32]"
26,0,Ġthe,"[1, 12, 16, 19, 51, 28]"
26,0,Ġk,"[11, 43, 49, 57, 61, 20]"
26,0,th,"[12, 16, 28, 43, 53, 49]"
26,0,Ġsmallest,"[10, 16, 28, 49, 53, 25]"
26,0,Ġelement,"[10, 16, 29, 53, 58, 59]"
26,0,Ġin,"[6, 23, 32, 51, 60, 12]"
26,0,Ġthe,"[1, 12, 19, 47, 51, 23]"
26,0,Ġunion,"[10, 16, 19, 28, 53, 43]"
26,0,Ġof,"[6, 19, 32, 50, 60, 23]"
26,0,Ġthe,"[1, 12, 19, 23, 50, 47]"
26,0,Ġtwo,"[8, 12, 19, 49, 53, 28]"
26,0,Ġlists,"[16, 29, 53, 58, 59, 43]"
26,0,Ġwith,"[6, 23, 32, 47, 60, 4]"
26,0,Ġlinear,"[8, 16, 23, 25, 28, 53]"
26,0,Ġcomplexity,"[16, 39, 53, 58, 59, 10]"
26,0,.,"[24, 36, 52, 54, 56, 30]"
